{
  "timestamp": "2026-05-31T17:14:26.182012",
  "classifier": {
    "model_type": "random_forest",
    "train": {
      "cv_mean": 0.8695906432748538,
      "cv_std": 0.10155253219349704,
      "train_accuracy": 1.0
    },
    "validation": {
      "accuracy": 1.0,
      "precision": 1.0,
      "recall": 1.0,
      "f1": 1.0
    },
    "test": {
      "accuracy": 1.0,
      "precision": 1.0,
      "recall": 1.0,
      "f1": 1.0
    },
    "y_pred": [
      5,
      3,
      1,
      5,
      2,
      5,
      1,
      2,
      3,
      4,
      4,
      5,
      0,
      0,
      1,
      2,
      2,
      1,
      3,
      4,
      0,
      4,
      2,
      4,
      3,
      5,
      0
    ]
  },
  "regressor": {
    "model_type": "svr",
    "train": {
      "cv_mean": 0.952304286417702,
      "cv_std": 0.02870650843941698,
      "train_r2": 0.9999498555847749
    },
    "validation": {
      "mse": 2.0849688871861316,
      "rmse": 1.4439421342928296,
      "mae": 0.9898862741451041,
      "r2": 0.9918182931807258
    },
    "test": {
      "mse": 2.1769656016167116,
      "rmse": 1.4754543712418597,
      "mae": 1.1291701239746876,
      "r2": 0.9852482445914171
    },
    "y_pred": [
      63.0749882762627,
      92.25803752725935,
      79.78330360675973,
      85.30951713867216,
      73.48629780572742,
      82.29682971670623,
      68.50842156550158,
      81.42203691919644,
      90.34131661995647,
      78.89188812985887,
      77.79053175032087,
      96.68400622063956,
      50.41822447469012,
      54.73290089747253,
      64.5406885383797,
      87.3069347492243,
      72.27587199026753,
      74.39137146147158,
      90.43368337511875,
      76.66143621347221,
      75.92927343370647,
      78.98148178120894,
      54.57434773928527,
      78.38439779332984,
      87.99466745898947,
      80.5174570314185,
      61.587271974651635
    ]
  },
  "label_names": [
    "chemical",
    "decay",
    "industrial",
    "normal",
    "refrigerator",
    "smoke"
  ]
}